ID,name,age,brith,e-mail,phone-number,postal-code,address,credit-number,credit-expiration
1,Komatsuda,65,1956/7/13,komatsuda_713@example.net,090-6252-6787,836-7321,福岡県福岡市中央区薬院1-1-808,3.73813E+14,12月25日
2,Ohno,70,1951/8/1,ohnojun@example.jp,050-7610-2464,701-0956,岡山県倉敷市児島唐琴2-2-21,5.57214E+15,6月24日
3,Kobayashi,23,1998/7/17,kobayashi717@example.com,050-8613-3519,164-2941,東京都江戸川区東小松川3-2-304,5.51127E+15,3月23日
4,Makino,76,1946/5/2,makino52@example.ne.jp,090-4174-5699,381-3923,長野県松本市中央1-2-9,3.75179E+14,12月24日
5,Ito,40,1982/4/27,atsushi_ito@example.co.jp,070-5380-7644,547-2308,大阪府東大阪市西岩田2-2-13,3.74904E+14,9月25日
6,Takahashi,60,1961/8/18,ryosuketakahashi@example.ne.jp,080-0503-8383,347-5099,埼玉県さいたま市浦和区北浦和2-1-18,4.46896E+15,2月26日
7,Yamamoto,75,1946/12/30,tomohiroyamamoto@example.org,090-3614-2636,347-8280,埼玉県さいたま市緑区原山2-5-3,5.31515E+15,10月23日
8,Tsuruta,62,1959/10/24,tsuruta_1024@example.co.jp,080-3102-2222,261-2598,千葉県松戸市常盤平1-5-21,5.51256E+15,4月24日
9,Tochigi,36,1986/4/21,tochigi_tomomi@example.net,080-2410-0616,148-1324,東京都千代田区麹町3-1-17,4.96524E+15,9月23日
10,Chiba,68,1953/7/24,rina_chiba@example.ne.jp,070-8471-9901,448-1820,愛知県瀬戸市はぎの台2-4-11,3.58945E+15,9月25日
11,Mizuno,28,1993/6/15,mizuno_hiromi@example.org,070-1811-2070,859-8203,長崎県長崎市女の都1-2-1102,3.77908E+14,9月24日
12,Tajima,45,1977/2/3,yoshikazutajima@example.net,050-8619-4157,241-7011,神奈川県横浜市都筑区荏田南2-3-11,3.76548E+14,12月26日
13,Takagi,22,2000/3/28,takagi_akiko@example.com,050-3040-1160,186-0583,東京都世田谷区桜上水3-5-203,4.2689E+15,6月24日
14,Suzuki,66,1955/11/28,suzuki1128@example.co.jp,080-2761-9867,466-1011,愛知県名古屋市中川区春田2丁目2番8号,3.70894E+14,2月25日
15,Kurosu,79,1943/2/3,kurosu_23@example.org,080-9150-0371,560-1610,大阪府大阪市東淀川区下新庄1丁目1番9号,3.57695E+15,7月22日
16,Tamura,52,1969/10/23,hideki_tamura@example.com,080-8305-6733,373-4355,群馬県桐生市広沢町1丁目1番地10号,3.78612E+14,6月23日
17,Matsubara,55,1967/4/7,natsumi_matsubara@example.com,050-3154-5615,178-0202,東京都練馬区春日町1-1-704,3.57153E+15,6月26日
18,Ishii,28,1994/3/23,ishii_natsuki@example.jp,080-8825-0696,249-0374,神奈川県横浜市金沢区富岡西3-3-12,3.58923E+15,2月24日
19,Maruno,61,1961/3/11,naoki_maruno@example.jp,080-0056-2810,549-9100,大阪府大阪市城東区成育1-3-19,4.82847E+15,10月25日
20,Nakajima,43,1978/8/2,mariko_nakajima@example.jp,080-3089-7344,530-7764,大阪府大阪市淀川区西三国1-2-11,3.55535E+15,2月24日
21,Sato,50,1972/4/14,ryokosato@example.net,090-5806-3507,373-0501,群馬県桐生市菱町3丁目3番地5号,3.7675E+14,12月22日
22,Ishihara,62,1959/8/2,ishihara_chiharu@example.jp,080-6894-2868,110-6365,東京都世田谷区上馬3-2-22,3.56445E+15,7月23日
23,Katsura,23,1999/1/24,katsuraizumi@example.org,080-4190-1096,217-1155,神奈川県横浜市青葉区美しが丘2-1-9,3.72004E+14,12月26日
24,Kato,61,1960/8/23,katoyasuhiro@example.net,080-2421-2053,336-1510,埼玉県新座市栄3-2-1001,4.32209E+15,10月26日
25,Kawase,66,1956/4/25,kawase_425@example.ne.jp,070-1967-7626,297-6919,千葉県市川市福栄3-4-11,5.59098E+15,2月25日
26,Kondo,25,1997/3/31,kondotetsuo@example.jp,070-3008-2585,035-6588,青森県八戸市根城2-4-12,3.5716E+15,11月25日
27,Ito,57,1964/11/2,ito_112@example.co.jp,080-7239-1642,184-7435,東京都港区高輪1丁目1番地4号,3.73529E+14,9月24日
28,Tsukui,43,1978/7/21,tsukui_721@example.com,050-7994-5989,863-5677,熊本県熊本市中央区細工町3-4-15,4.33745E+15,7月26日
29,Otake,35,1987/4/9,kazukootake@example.ne.jp,090-1114-5941,330-1718,埼玉県さいたま市浦和区仲町2-4-10,4.08578E+15,12月22日
30,Ueda,74,1948/2/7,ueda_27@example.net,090-9017-5792,639-8581,奈良県香芝市北今市2-4-405,3.74006E+14,1月25日
31,Hasegawa,66,1956/1/17,daisukehasegawa@example.jp,050-3632-0088,213-1716,神奈川県横浜市鶴見区鶴見中央4丁目1番地9号,3.74364E+14,6月22日
32,Osugi,75,1946/9/7,osugi_97@example.com,070-7369-2840,137-6732,東京都荒川区南千住2-5-18,5.20852E+15,12月22日
33,Oura,61,1960/9/17,ayako_oura@example.net,050-3968-3318,242-4142,神奈川県横浜市鶴見区馬場4丁目1番7号,3.74746E+14,10月26日
34,Kutsukake,39,1982/10/12,kutsukake_1012@example.ne.jp,050-4885-5173,341-8160,埼玉県所沢市緑町3-2-17,3.74072E+14,4月24日
35,Nakamura,33,1989/5/4,yota_nakamura@example.co.jp,050-4809-3637,573-3300,大阪府大阪市東淀川区淡路4丁目1番地6号,4.5995E+15,12月25日
36,Yoshida,22,2000/5/4,yoshida54@example.jp,070-6325-7622,530-1395,大阪府大阪市阿倍野区王子町1丁目2番10号,3.56529E+15,3月27日
37,Hoshiba,26,1995/6/29,rinohoshiba@example.org,070-5881-0425,291-6104,千葉県船橋市夏見台3丁目1番10号,5.3194E+15,6月25日
38,Takeguchi,45,1977/2/21,takeguchi_221@example.com,050-5694-3022,967-2455,福島県郡山市菜根1丁目1番9号,5.24119E+15,10月22日
39,Hashimoto,59,1962/7/22,hashimoto_noriko@example.ne.jp,080-5091-4038,565-6332,大阪府箕面市箕面3-4-6,4.84017E+15,11月25日
40,Sasaoka,31,1991/3/31,fumihirosasaoka@example.net,080-1759-2007,202-1295,東京都板橋区常盤台1-1-10,3.7278E+14,2月27日
41,Kitajima,50,1971/10/29,norio_kitajima@example.org,050-9913-8567,106-2266,東京都多摩市関戸3-1-22,5.38392E+15,4月25日
42,Kurosaki,54,1967/7/10,kurosaki_710@example.com,090-0292-7040,390-2567,長野県上田市中央2丁目1番4号,4.12055E+15,6月22日
43,Saito,24,1997/11/19,saitohiroshi@example.net,070-8353-7868,471-4331,愛知県大府市柊山町2-2-13,3.70557E+14,8月25日
44,Fushimi,53,1968/6/8,fushimi_68@example.org,070-0409-9528,553-4254,大阪府大阪市中央区南久宝寺町1-3-9,5.30758E+15,12月24日
45,Kondo,61,1960/12/12,kondo_1212@example.net,070-0438-4902,288-0280,千葉県市川市北方町2丁目3番地6号,3.55111E+15,7月26日
46,Fukase,24,1997/9/5,fukase_95@example.jp,090-1082-1668,650-4438,兵庫県神戸市中央区多聞通2-4-1106,3.55642E+15,5月24日
47,Tanaka,49,1973/2/26,tanakakeiji@example.com,080-6981-8854,032-4667,青森県弘前市大字田園1-4-1101,3.72559E+14,4月24日
48,Nishida,70,1951/10/6,nishidatomoko@example.jp,090-4593-3046,566-6008,大阪府藤井寺市小山3丁目2番6号,5.21464E+15,12月23日
49,Tahara,60,1962/3/17,tahara317@example.org,070-7802-2454,079-5501,北海道札幌市白石区南郷通1-3-18,3.54121E+15,12月22日
50,Morioka,46,1975/6/21,moriokashuji@example.net,080-3287-0006,282-4184,千葉県千葉市花見川区幕張町1-5-1107,3.7003E+14,8月26日
51,Aikawa,72,1949/12/6,aikawa126@example.ne.jp,090-5393-5490,229-5931,神奈川県横浜市緑区霧が丘3-1-1007,3.58784E+15,10月26日
52,Koyama,40,1982/4/16,koyama_norio@example.ne.jp,070-3628-7853,894-8478,鹿児島県鹿児島市南栄3-4-407,3.57302E+15,11月23日
53,Nagato,51,1970/9/19,rei_nagato@example.org,050-3091-0025,312-4262,茨城県つくば市松代2-1-21,4.39936E+15,12月26日
54,Nakamura,24,1998/4/7,jironakamura@example.jp,070-5500-2954,906-5155,沖縄県浦添市伊祖2丁目1番地3号,3.56228E+15,12月26日
55,Shimokawara,64,1957/9/16,saorishimokawara@example.jp,070-1142-8227,140-9591,東京都足立区南花畑3-4-13,4.72646E+15,3月26日
56,Takayama,31,1990/6/6,takayama_yuma@example.org,080-4929-5718,574-2258,大阪府大阪市淀川区宮原1-4-304,5.2123E+15,6月24日
57,Chikamori,21,2001/5/19,chikamori_519@example.ne.jp,080-4186-4317,174-3477,東京都三鷹市大沢2丁目2番9号,5.49377E+15,3月24日
58,Nakajima,80,1941/11/3,chiyonakajima@example.net,080-6340-7569,360-0348,埼玉県熊谷市別府1-1-20,5.2874E+15,3月27日
59,Ueno,76,1946/5/8,ueno58@example.org,090-8703-6051,133-6448,東京都板橋区成増2-2-6,3.54703E+15,12月23日
60,Amitani,58,1963/9/14,amitani_914@example.ne.jp,080-0979-1171,146-4009,東京都足立区竹の塚1-2-1201,5.20183E+15,10月22日
61,Osako,30,1992/3/4,ryojiosako@example.net,090-8284-5710,112-9951,東京都武蔵野市境南町1-1-11,3.77984E+14,4月25日
62,Yamakawa,47,1974/10/6,yamakawa_106@example.jp,090-0159-4368,951-4406,新潟県三条市直江町2-1-9,5.50861E+15,1月27日
63,Kato,43,1979/1/6,katoyuichiro@example.org,070-3549-7069,063-1625,北海道上川郡当麻町四条西3-4-18,5.289E+15,2月26日
64,Watanabe,22,2000/3/2,mai_watanabe@example.ne.jp,050-6412-3972,336-1127,埼玉県草加市瀬崎2-3-603,4.7481E+15,8月24日
65,Mori,57,1965/4/17,ayakamori@example.jp,070-4989-9831,295-2422,千葉県浦安市北栄1-1-7,3.70444E+14,10月25日
66,Fukuda,78,1943/12/6,fukuda_tsutomu@example.ne.jp,080-3089-3519,154-3570,東京都杉並区和泉3丁目1番9号,4.9355E+15,12月23日
67,Takizawa,51,1971/2/8,takizawamasaaki@example.co.jp,080-5606-2448,175-0706,東京都世田谷区代田1丁目1番7号,4.80571E+15,3月26日
68,Anada,69,1953/2/5,anada25@example.ne.jp,070-0183-4292,246-1812,神奈川県茅ヶ崎市浜竹2-2-606,4.66667E+15,11月25日
69,Fukuda,42,1979/9/27,fukuda_927@example.org,090-1161-9129,248-4414,神奈川県厚木市森の里1-5-109,3.70184E+14,5月26日
70,Namura,21,2000/11/14,namura1114@example.net,080-9242-1422,953-5046,新潟県新潟市東区上木戸1-1-3,5.52463E+15,6月26日
71,Kazama,27,1995/1/18,kazama118@example.org,050-5168-5037,367-7322,埼玉県川口市元郷3-4-3,5.37584E+15,11月25日
72,Takahata,75,1947/1/21,takahata_yuri@example.ne.jp,050-2328-0405,469-3831,愛知県名古屋市名東区西里町2-2-102,4.91104E+15,10月24日
73,Mori,54,1967/8/21,mori_821@example.com,080-6448-6236,111-8199,東京都中央区築地1丁目1番7号,4.21873E+15,3月26日
74,Aoyagi,50,1972/3/11,aoyagi_daisuke@example.co.jp,080-1030-5271,506-9209,岐阜県岐阜市宇佐南3丁目3番8号,4.7457E+15,1月23日
75,Miyazato,46,1976/4/10,miyazato_takashi@example.co.jp,070-8659-0791,124-6546,東京都新宿区四谷1-5-21,5.52461E+15,12月24日
76,Yoneda,71,1951/1/30,minami_yoneda@example.net,070-4285-8510,176-8421,東京都新宿区高田馬場2丁目3番3号,5.18161E+15,11月24日
77,Okuyama,77,1944/6/8,okuyama_akihiro@example.jp,080-6409-3639,186-3382,東京都台東区浅草橋1-5-13,5.5274E+15,10月24日
78,Muraki,66,1955/10/3,muraki_103@example.co.jp,050-9935-7865,127-4592,東京都港区三田3-4-1207,3.7155E+14,2月24日
79,Okuda,74,1948/5/3,okudaosamu@example.org,080-8682-4660,171-7985,東京都中野区中野1-5-309,4.54635E+15,8月22日
80,Kubo,32,1990/3/7,kubokenji@example.org,050-5500-1655,204-4849,東京都中野区沼袋2丁目3番6号,5.34702E+15,12月23日
81,Ogawa,75,1946/7/31,tomomi_ogawa@example.net,080-3248-4746,980-7817,宮城県仙台市青葉区一番町3-5-5,5.4058E+15,2月24日
82,Ueda,23,1999/5/8,ueda_toshihiko@example.org,070-9875-5421,175-9772,東京都文京区小日向1-5-1206,3.58857E+15,1月25日
83,Yasuda,79,1943/4/16,yasuda_yoko@example.jp,080-1573-7484,836-4205,福岡県福岡市博多区博多駅前2-4-4,5.10225E+15,12月26日
84,Kawata,24,1997/7/11,kawatakumiko@example.com,070-4861-7454,131-4451,東京都中央区八丁堀3-2-8,5.37128E+15,4月27日
85,Haruyama,64,1957/6/8,haruyama68@example.jp,050-4553-1818,242-4577,神奈川県横浜市鶴見区鶴見中央3-2-19,3.71525E+14,6月22日
86,Sato,26,1995/6/29,sato629@example.org,070-3871-3653,165-3228,東京都港区南青山1丁目2番10号,5.25986E+15,8月24日
87,Okada,55,1966/11/5,okada115@example.co.jp,080-3548-9052,151-5529,東京都港区新橋3丁目3番6号,4.15737E+15,11月26日
88,Minematsu,58,1963/10/19,chisato_minematsu@example.co.jp,070-9244-6822,312-6535,茨城県牛久市上柏田1-2-302,3.77043E+14,9月23日
89,Tanaka,31,1991/4/11,tanaka_411@example.jp,050-3982-7222,116-1777,東京都豊島区東池袋2-2-6,3.55727E+15,2月23日
90,Otsuka,44,1977/9/27,otsuka_tetsuro@example.org,090-3323-4434,196-8650,東京都港区芝3丁目2番9号,4.6357E+15,6月22日
91,Nagao,25,1996/10/31,nagaoyuko@example.co.jp,090-1752-4855,788-6615,高知県四万十市中村一条通3-2-19,4.43822E+15,6月24日
92,Kobayashi,48,1973/10/21,akane_kobayashi@example.co.jp,070-8120-6131,981-4192,宮城県仙台市泉区虹の丘1-4-15,5.50237E+15,1月25日
93,Okura,27,1994/9/22,okura922@example.org,070-2581-9574,865-4581,熊本県熊本市中央区新町3-1-17,5.30561E+15,9月25日
94,Ishigaki,76,1946/3/22,ishigaki322@example.net,050-9348-0352,498-6485,愛知県豊川市桜木通2-4-8,4.65162E+15,7月25日
95,Sakurai,30,1991/9/10,sakurai_910@example.com,070-4762-0417,152-8028,東京都豊島区池袋本町1-5-14,3.7775E+14,2月27日
96,Sugawara,24,1998/5/20,kengosugawara@example.com,080-7778-1061,040-3402,北海道北見市北六条西1-4-13,3.70425E+14,10月24日
97,Yamamoto,55,1967/1/24,yamamoto_124@example.com,090-4097-5262,155-2705,東京都新宿区四谷1-4-13,3.53881E+15,10月23日
98,Kousaka,66,1955/9/28,tomohirokousaka@example.co.jp,050-5182-0111,072-0055,北海道札幌市中央区北十一条西1-4-6,3.78699E+14,1月26日
99,Endo,29,1992/10/13,endohiromitsu@example.co.jp,090-6462-8836,787-3506,高知県四万十市古津賀3-2-18,4.40332E+15,12月23日
100,Gunji,39,1982/8/3,hiromitsu_gunji@example.co.jp,050-8127-4677,059-1083,北海道札幌市中央区北十条西2-2-8,4.3252E+15,8月26日
